last ,city, domain, phone
Curtis,Serkifsa,iwaoza.cc,(302) 760-4451
Chavez,Ufamopaw,wivmiri.bw,(239) 690-7000
Chapman,Ugupuog,tedov.am,(339) 327-5790
Harrison, ,zopos.wf,(937) 607-7201
Harvey,Bovzosja,ci.vn,(622) 456-4515
Kennedy,Vufulcad,wapo.er,(382) 205-5104
Zimmerman,Hoadaviw,nufuvaz.pk,(573) 588-8942
Ramos,Zambaken,tahforem.gd,(660) 756-7897
Nash,Egukepze,siscetiw.ml,(778) 970-7849
Johnston,Ikoiduzi,wed.kp,(774) 965-2933
Rios,Usobutta,,(524) 288-3365
Medina,Rocfefa,us.gg,(363) 531-7979
Ray,Kaihilid,sigavu.cn,(310) 440-4391
Rice,Maulpi,zal.im,(887) 215-1357
Carr,Hatvosu,soc.ad,(889) 390-4078
Hudson,Geehilin,po.cd,(405) 507-6416
Fletcher,Ligujofa,ved.aq,(329) 634-9502
Hughes,Hutpilun,okive.eh,(379) 870-1983
Peterson,Apideszo,datkabi.lv,(565) 978-1462
Klein,Amidase,zapow.no,(557) 395-9626
Rodgers,Bosofro,suw.nz,(545) 288-1022
Sparks,Rifafu,jivdaw.sy,(900) 848-3908
Padilla,Fesworpev,luducup.bv,(889) 612-6227
Kim,Juhvaleh,suven.cg,(704) 494-5945
Simpson,Gimwonjuc
Page,Amutlod,efbowod.re,(817) 674-6357
Rhodes,Mibahrej,ucu.tg,(965) 417-1289
Nelson,Zefaji,ewisiz.ck,(874) 555-1648
Perry,Odadobkuj,lumatro.eg,(240) 624-8856
Robinson,Povhoffi,noha.bd,(922) 334-8808
Wilkins,Begoztoz,wibu.io,(685) 785-1908
Harper,Nohorfu,siberva.ie,(944) 205-9228
Moody, , ,(914) 314-5055
Hart,Bisonob,ob.at,(273) 464-2210
Warner,Abmuwfa,tel.om,(546) 300-7293
Estrada,Fiuricu,heh.nu,(235) 823-3742
Murphy,Masocgo,uftomsig.gl
McKenzie,Wonjelupo,elemewuk.gm,(545) 309-6015
Saunders,Ipoahuh,fadgum.com,(762) 756-6857
Medina,Evewopo,cipow.in,(718) 895-3446
Lucas,Ifoogake,dun.gs,(384) 335-6269
Love,Lesbovruj,buvhe.yt,(613) 285-4291
Patton,Ilpilfev,ne.bo,(286) 765-4517
Maxwell,Bomibuhu,cogonniw.nl,(746) 407-8933
Murphy,Isubista,bedimoti.sj,(637) 592-6677
Castillo,
Medina,Asmojdu,ovwod.bf,(625) 769-7434
Huff,Meerneb,jesovzod.edu,(742) 957-7546
Olson,Wilmocu,lo.pg,(418) 365-4092
Griffith,Makmuuk,majteoci.ma,(306) 435-5781
Casey,Juginha,cupkivpuf.uk,(811) 560-6412
French,Ahfegi,zoftacli.tr,(245) 908-8613
Walker,Ruzzidle,zuzupef.nu,(282) 810-6768
Harmon,Rabobguf,ra.fk,(861) 376-3234
Mann,Sirvuspe,vapi.ci,(563) 649-5693
Fernandez,Jeodido,acsazel.gy,(732) 632-3533
Houston,Hovzeolo,he.nl,(753) 903-5413
Robinson,Hujapbop,jozzewapo.lr,(730) 562-7431
Warren,Odtefo,iva.cy,(789) 309-2681
Cobb,Kuwadur,zuhkohaz.gs,(568) 916-5092
Mills,Amvijsob,zadu.ao,(941) 978-8602
Carr,Uhgapug,efeki.ca,(412) 469-5218
Anderson,Zoahno,pas.hk,(372) 823-6091
Newman,Azevorsu,gumuh.th,(538) 947-9737
Warren,Kenkavpis,uku.fm,(736) 396-7702
Baker,Jiporiv,efpu.so,(460) 758-1473
Bush,Kushedus,jojkol.jp,(481) 987-9879
Gordon,Rifonkib,ta.bs,(721) 855-6275
Harrington,Vomumsu,uk.do,(631) 944-2768
Moreno,Mopfatlu,boviro.tp,(964) 393-1616
Castro,Ebizetji,kuep.vu,(661) 933-7947
Williamson,Sukbuco,jaoko.gq,(612) 467-1253
Mack,Taguto,wicod.cl,(814) 774-7125
Ramsey,Koopwa,oz.tk,(730) 948-1274
Bennett,Contiggip,vid.pm,(323) 358-8647
Stone,Kiweave,idaje.co.uk,(621) 273-9036
Daniel,Tepnodfa,manigaw.mu,(712) 317-9595
Brown,Cufdoep,iviinbek.gr,(438) 670-1299
Russell,Vuszuwam,zurecez.us,(641) 694-1559
Lowe,Uglizaf,bef.ws,(647) 506-6267
Daniels,Dezgorwuw,es.ly,(926) 677-5242
Wells,Riskeome,zu.gh,(447) 943-3907
Summers,Ikpupsot,bagjus.pm,(986) 374-5250
Hawkins,Jidvuuvi,op.cm,(577) 812-7394
Leonard,Buzitwah,refwec.cn,(224) 736-4783
Watkins,Enomanug,iz.bt,(254) 373-8673
Holland,Bidjuefo,wiv.cy,(537) 466-1309
Houston,Virevin,sema.sg,(625) 611-6536
Taylor,Hensifva,oce.cu,(273) 900-6293
Anderson,Ufduzuho,begpun.do,(835) 254-3652
Boyd,Dasfabe,dopbat.re,(333) 379-5645
Vargas,Habunla,ocakutnas.mz,(577) 875-5338
Hughes,Pividmu,luge.ni,(262) 301-9363
Hudson,Tumgocgo,avigisjic.az,(303) 549-5003
Richardson,Witwogop,mormo.jm,(524) 340-5161
Warner,Arejtu,imu.tv,(510) 557-8956
Ross,Pireniv,nugcozfe.cm,(538) 277-5031
Hodges,Zigkaopo,joboawe.th,(850) 908-9083
"asdfasdab, dfaslfksdflk, asdkfasdlf", "asdfasdfsd
Brooks,Fotnohdom,zuho.tr,(625) 871-3933
Cole,Dodakpof,gik.gd,(426) 558-6213
